{"main":{"language":"en","lastHostname":"81.189.166.116","darkTheme":true,"useBinaryPrefix":true,"disableAutoComplete":false,"dashboardMode":"Default","bottomNavigation":true,"numericInputs":false,"iconMenu":false,"displayUnits":"mm","decimalPlaces":1,"settingsStorageLocal":false,"settingsSaveDelay":500,"cacheStorageLocal":true,"cacheSaveDelay":4000,"notifications":{"errorsPersistent":false,"timeout":5000},"behaviour":{"jobStart":false},"webcam":{"enabled":false,"url":"","updateInterval":5000,"liveUrl":"","useFix":false,"embedded":false,"rotation":0,"flip":"none"},"enabledPlugins":[],"plugins":{}},"machine":{"ajaxRetries":2,"updateInterval":250,"fileTransferRetryThreshold":358400,"crcUploads":true,"ignoreFileTimestamps":false,"pingInterval":2000,"updateDelay":0,"babystepAmount":0.02,"checkVersions":true,"displayedExtraTemperatures":[],"displayedExtruders":[0,1],"displayedFans":[2,-1,1],"moveSteps":{"X":[100,50,10,1,0.1],"Y":[100,50,10,1,0.1],"Z":[50,25,5,0.5,0.05],"default":[100,50,10,1,0.1]},"moveFeedrate":6000,"toolChangeMacros":["free","pre","post"],"extruderAmounts":[100,50,20,10,5,1],"extruderFeedrates":[60,30,10,3,1],"temperatures":{"tool":{"active":[250,235,220,205,195,160,120,100,0],"standby":[210,180,160,140,0]},"bed":{"active":[110,100,90,70,65,60,0],"standby":[40,30,0]},"chamber":[90,80,70,60,50,40,0]},"groupTools":true,"singleBedControl":false,"singleChamberControl":false,"spindleRPM":[10000,75000,5000,2500,1000,0],"enabledPlugins":["InputShaping"],"plugins":{}}}