{"InputShaping":{"id":"InputShaping","name":"Input Shaping","author":"Duet3D Ltd","version":"3.4.1-b1","license":"GPL-3.0-or-later","homepage":"https://github.com/Duet3D/DSF-Plugins","tags":[],"dwcVersion":"3.4","dwcDependencies":[],"sbcRequired":false,"sbcDsfVersion":null,"sbcData":{},"sbcExecutable":null,"sbcExecutableArguments":null,"sbcExtraExecutables":[],"sbcOutputRedirected":true,"sbcPermissions":[],"sbcPackageDependencies":[],"sbcPythonDependencies":[],"sbcPluginDependencies":[],"rrfVersion":null,"dsfFiles":[],"dwcFiles":["css/InputShaping.6a82cdf5.css","css/InputShaping.6a82cdf5.css.gz","js/InputShaping.e93c66a9.js","js/InputShaping.e93c66a9.js.gz","js/InputShaping.e93c66a9.js.map","js/InputShaping.e93c66a9.js.map.gz"],"sdFiles":[],"pid":-1}}